id;title;content;date
1;Credit virtual;card engine productivity;2022-10-12T18:06:20
2;driver payment Hat;Engineer;2022-10-13T05:15:10
3;Berkshire;green JSON Direct;2022-10-13T11:15:57
4;calculating capacitor support;turquoise Plastic;2022-10-13T00:06:49
5;Unbranded bluetooth;Berkshire Afghani;2022-10-13T13:19:10
6;facilitate;Health Rufiyaa Cambridgeshire;2022-10-13T03:38:38
7;object-oriented Investor;neural core;2022-10-12T17:23:12
8;architectures Sleek;matrix Program Re-contextualized;2022-10-12T21:21:36
9;Chief Health;Team-oriented encoding;2022-10-13T08:41:40
10;Puerto Rand;Brunei;2022-10-12T21:00:50
